"","Longitude","Latitude","IsoTime","Yield","SWATHWIDTH","Swaths","DISTANCE","Heading","WetMass","Moisture"
"1",1128.69997856054,396.496844043242,"2021-09-25T22:36:19.205Z",0,5,7,4.53903644,96.28436737,0,0
"2",1132.61198209458,396.227670319969,"2021-09-25T22:36:21.201Z",0,5,7,9.34054007,96.25436737,0,0
"3",1174.7028086072,320.55612425559,"2021-09-25T22:37:55.198Z",0,5,7,2.11121492,91.52436737,0,12.96
"4",1175.88070396171,320.543517104752,"2021-09-25T22:37:56.201Z",0,5,7,2.80019129,91.39436737,0,12.96
"5",1179.07206074053,320.481919009385,"2021-09-25T22:37:58.195Z",44.21807069,5,7,7.60169492,91.25436737,2476.09763696,12.96
"6",1181.4026818029,320.465441243,"2021-09-25T22:37:59.197Z",36.42221535,5,7,5.55609681,90.83436737,2039.54989322,12.96
"7",1186.23172158971,320.477053092,"2021-09-25T22:38:01.193Z",37.36920978,5,7,11.473086,90.19436737,2092.57913291,12.96
"8",1188.62239653763,320.421537393953,"2021-09-25T22:38:02.195Z",40.10489064,5,7,5.6873304,90.71436737,2245.77018853,12.96
"9",1191.01494819075,320.400525476153,"2021-09-25T22:38:03.197Z",45.83416073,5,7,5.6873304,90.64436737,2566.59450117,12.96
"10",1193.38531080227,320.379292380254,"2021-09-25T22:38:04.198Z",51.86260971,5,7,5.654522,90.61436737,2904.1720581,12.96
"11",1195.76417369064,320.354078079365,"2021-09-25T22:38:05.201Z",48.82970856,5,7,5.654522,90.53436737,2734.33743482,12.96
"12",1200.68925554255,320.284628161888,"2021-09-25T22:38:07.198Z",23.96593827,5,7,11.73555319,90.86436737,1342.03058133,12.96
"13",1203.26682616412,320.257202080012,"2021-09-25T22:38:08.200Z",18.13548477,5,7,6.14664799,90.70436737,1015.54025954,12.96
"14",1205.86934566869,320.231434833484,"2021-09-25T22:38:09.202Z",23.86724737,5,7,6.17945639,90.57436737,1336.50414631,12.96
"15",1208.48069661835,320.196378107597,"2021-09-25T22:38:10.204Z",32.8511939,5,7,6.21226478,90.90436737,1839.5819245,12.96
"16",1213.62369463059,320.240171367988,"2021-09-25T22:38:12.199Z",45.04040476,5,7,12.26048757,89.74436737,2522.14621863,13.78
"17",1216.16991359726,320.223914778915,"2021-09-25T22:38:13.204Z",51.88925841,5,7,6.04822279,90.09436737,2905.66431643,13.78
"18",1221.35254276664,320.218938272089,"2021-09-25T22:38:15.197Z",35.47876502,5,7,12.32610437,89.86436737,1986.71911418,13.78
"19",1223.94214625691,320.216615902446,"2021-09-25T22:38:16.200Z",20.36754443,5,7,6.14664799,89.86436737,1140.52982995,13.78
"20",1226.57193286913,320.234420737423,"2021-09-25T22:38:17.202Z",16.75122058,5,7,6.24507318,89.75436737,938.02504373,13.78
"21",1231.873234718,320.18642509473,"2021-09-25T22:38:19.199Z",26.36022077,5,7,12.62137996,90.38436737,1476.10421115,13.78
"22",1234.52885333686,320.17094262861,"2021-09-25T22:38:20.201Z",41.03498284,5,7,6.31068998,90.31436737,2297.85294726,13.78
"23",1237.17983544207,320.175255601141,"2021-09-25T22:38:21.203Z",41.3067377,5,7,6.31068998,89.80436737,2313.07051645,13.78
"24",1239.84472708979,320.181227409804,"2021-09-25T22:38:22.206Z",36.22681218,5,7,6.34349838,89.94436737,2028.60782134,13.78
"25",1245.26337690287,320.086120835241,"2021-09-25T22:38:24.200Z",36.24655392,5,7,12.91665555,90.75436737,2029.7133075,13.78
"26",1248.02077804424,320.038125191762,"2021-09-25T22:38:25.203Z",38.61373866,5,7,6.57315717,91.03436737,2162.26953269,13.78
"27",1253.5036766947,320.061570067862,"2021-09-25T22:38:27.197Z",42.58522109,5,7,13.04788915,90.12436737,2384.66228072,14.125
"28",1256.30258567643,319.996875479114,"2021-09-25T22:38:28.200Z",45.24160149,5,7,6.67158237,90.85436737,2533.41271549,14.47
"29",1259.10624157482,319.970444699075,"2021-09-25T22:38:29.201Z",37.52996487,5,7,6.67158237,90.64436737,2101.58100262,14.47
"30",1261.90448818716,320.019546233047,"2021-09-25T22:38:30.202Z",37.52996487,5,7,6.67158237,89.71436737,2101.58100262,14.47
"31",1267.53498253492,319.972545890619,"2021-09-25T22:38:32.198Z",36.57891948,5,7,13.40878154,90.45436737,2048.32491948,14.47
"32",1270.35298953765,319.931627945512,"2021-09-25T22:38:33.199Z",34.788343,5,7,6.70439077,90.72436737,1948.05726608,14.47
"33",1276.1169492546,319.898672411956,"2021-09-25T22:38:35.195Z",41.44809659,5,7,13.73686553,90.67436737,2320.98624867,14.47
"34",1279.02823850612,319.883521713377,"2021-09-25T22:38:36.198Z",40.3139003,5,7,6.93404956,90.64436737,2257.47418895,14.47
"35",1284.90601359231,319.814292973999,"2021-09-25T22:38:38.195Z",39.93598671,5,7,13.99933272,90.84436737,2236.31200492,14.47
"36",1287.85936264903,319.768177344751,"2021-09-25T22:38:39.197Z",35.60400294,5,7,7.03247476,90.86436737,1993.73211391,14.47
"37",1290.8081855951,319.759772577002,"2021-09-25T22:38:40.198Z",38.28649631,5,7,7.03247476,90.45436737,2143.94480742,14.47
"38",1293.76385290942,319.761320823693,"2021-09-25T22:38:41.200Z",39.01808541,5,7,7.03247476,90.28436737,2184.91190566,13.96
"39",1299.70035718471,319.709012207683,"2021-09-25T22:38:43.196Z",30.34132872,5,7,14.13056631,90.32436737,1699.03596347,13.96
"40",1302.66099219189,319.691428550805,"2021-09-25T22:38:44.197Z",34.87241384,5,7,7.03247476,90.44436737,1952.76501568,13.96
"41",1308.61637370256,319.720734646126,"2021-09-25T22:38:46.194Z",36.72452147,5,7,14.19618311,89.92436737,2056.47825458,13.96
"42",1311.63121176624,319.6923132632,"2021-09-25T22:38:47.195Z",36.86693036,5,7,7.16370835,90.21436737,2064.45278425,13.96
"43",1314.64549786509,319.654491811473,"2021-09-25T22:38:48.197Z",33.03659993,5,7,7.16370835,90.46436737,1849.96418329,13.96
"44",1317.69433703305,319.652722386684,"2021-09-25T22:38:49.200Z",27.86582661,5,7,7.26213355,90.20436737,1560.41424561,13.96
"45",1323.84544567187,319.634806962264,"2021-09-25T22:38:51.194Z",37.56284917,5,7,14.6555007,90.20436737,2103.42243834,13.96
"46",1330.0813362842,319.586811318786,"2021-09-25T22:38:53.191Z",43.87756762,5,7,14.85235109,90.30436737,2457.03034565,13.96
"47",1333.20391810245,319.56668411338,"2021-09-25T22:38:54.193Z",52.65308115,5,7,7.42617555,90.36436737,2948.43641478,13.96
"48",1339.38836548713,319.506081319064,"2021-09-25T22:38:56.188Z",38.44388906,5,7,14.7211175,91.01436737,2152.75839452,14.16
"49",1342.50266781728,319.486838826052,"2021-09-25T22:38:57.191Z",27.48121341,5,7,7.42617555,90.85436737,1538.8769007,14.36
"50",1345.60791790575,319.472572839868,"2021-09-25T22:38:58.194Z",23.1959349,5,7,7.39336715,90.68436737,1298.91238327,14.36
"51",1348.67861492511,319.516808456455,"2021-09-25T22:38:59.196Z",23.7439893,5,7,7.29494195,89.92436737,1329.60201315,14.36
"52",1351.76487738461,319.528309716014,"2021-09-25T22:39:00.197Z",39.84184867,5,7,7.36055875,89.90436737,2231.04051795,14.36
"53",1357.78395577724,319.384212196921,"2021-09-25T22:39:02.193Z",46.56245425,5,7,14.32741671,91.75436737,2607.37705543,14.36
"54",1360.82595056753,319.366075594403,"2021-09-25T22:39:03.196Z",34.63452628,5,7,7.22932515,91.10436737,1939.44392749,14.36
"55",1366.89603059304,319.324604704442,"2021-09-25T22:39:05.190Z",30.00868202,5,7,14.4586503,91.21436737,1680.40860841,14.36
"56",1369.91042709647,319.275834937225,"2021-09-25T22:39:06.194Z",16.75769562,5,7,7.16370835,91.03436737,938.3876292,14.36
"57",1372.92482359832,319.257034800411,"2021-09-25T22:39:07.196Z",6.4636826,5,7,7.16370835,90.72436737,361.94951412,14.36
"58",1379.1409538281,319.194773170747,"2021-09-25T22:39:09.190Z",8.56349546,5,7,14.81954269,90.74436737,479.53360585,14.36
"59",1382.24532077097,319.184156623584,"2021-09-25T22:39:10.193Z",31.31451211,5,7,7.39336715,90.51436737,1753.53171742,14.36
"60",1385.38567589493,319.210697993065,"2021-09-25T22:39:11.196Z",49.90280032,5,7,7.49179234,89.60436737,2794.42779875,14.36
"61",1391.59628646389,319.186589581883,"2021-09-25T22:39:13.193Z",53.58260961,5,7,14.78673429,90.67436737,3000.48760536,14.14
"62",1394.65384669432,319.108292542032,"2021-09-25T22:39:14.195Z",53.60029268,5,7,7.29494195,91.21436737,3001.47781187,13.92
"63",1400.66839895591,319.094137144504,"2021-09-25T22:39:16.189Z",46.06945973,5,7,14.29460831,90.24436737,2579.77063685,13.92
"64",1403.62130643982,319.103979569501,"2021-09-25T22:39:17.192Z",46.33397643,5,7,7.03247476,90.01436737,2594.58288797,13.92
"65",1406.53502434098,319.103868980059,"2021-09-25T22:39:18.193Z",57.13196913,5,7,6.93404956,90.11436737,3199.24256225,13.92
"66",1409.48517199447,319.081972349864,"2021-09-25T22:39:19.196Z",53.64986744,5,7,7.03247476,90.28436737,3004.25387028,13.92
"67",1412.46313873301,319.126760911305,"2021-09-25T22:39:20.198Z",53.39552135,5,7,7.09809156,89.58436737,2990.01114646,13.92
"68",1418.44611854152,319.080866459371,"2021-09-25T22:39:22.192Z",47.0171795,5,7,14.26179991,90.32436737,2632.84049331,13.92
"69",1421.4639372228,319.056536870876,"2021-09-25T22:39:23.195Z",32.88598847,5,7,7.19651675,90.40436737,1841.53033049,13.92
"70",1427.46336561705,318.996818788954,"2021-09-25T22:39:25.188Z",32.58735459,5,7,14.26179991,90.37436737,1824.80760534,13.92
"71",1430.45855369334,318.999583514795,"2021-09-25T22:39:26.190Z",34.3910827,5,7,7.13089995,90.25436737,1925.81171634,13.92
"72",1433.53973806639,318.935663049785,"2021-09-25T22:39:27.192Z",41.89252337,5,7,7.32775035,90.96436737,2345.87299977,13.92
"73",1436.64156596602,318.90469811833,"2021-09-25T22:39:28.194Z",46.39186979,5,7,7.39336715,90.89436737,2597.82476655,13.6
"74",1439.72793881754,318.849403598382,"2021-09-25T22:39:29.195Z",41.006815,5,7,7.36055875,91.11436737,2296.27562082,13.6
"75",1445.94031567928,318.827617557629,"2021-09-25T22:39:31.188Z",39.78102835,5,7,14.78673429,90.51436737,2227.63473732,13.6
"76",1449.05086465237,318.778405435001,"2021-09-25T22:39:32.190Z",33.40214625,5,7,7.39336715,90.67436737,1870.43383192,13.6
"77",1452.25657253396,318.77232303768,"2021-09-25T22:39:33.192Z",32.17086916,5,7,7.62302594,90.29436737,1801.48549812,13.6
"78",1455.473209364,318.755845270509,"2021-09-25T22:39:34.195Z",32.92903183,5,7,7.65583434,90.43436737,1843.94064753,13.6
"79",1458.7033141512,318.749209928336,"2021-09-25T22:39:35.196Z",37.47259376,5,7,7.68864274,90.21436737,2098.36836853,13.6
"80",1465.08128080002,318.680202367056,"2021-09-25T22:39:37.192Z",43.15521638,5,7,15.18043508,90.50436737,2416.58054352,13.6
"81",1468.25729292432,318.677105873675,"2021-09-25T22:39:38.195Z",40.16562102,5,7,7.55740914,90.32436737,2249.17093296,13.6
"82",1471.45781233684,318.641827970476,"2021-09-25T22:39:39.197Z",34.6455514,5,7,7.62302594,90.72436737,1940.06130567,13.6
"83",1474.69045616883,318.625571381404,"2021-09-25T22:39:40.200Z",47.73294681,5,7,7.68864274,90.40436737,2672.92161229,13.6
"84",1481.16888062176,318.611858340073,"2021-09-25T22:39:42.194Z",61.43105133,5,7,15.41009387,90.39436737,3439.9800503,13.6
"85",1484.4061609674,318.593058203259,"2021-09-25T22:39:43.196Z",43.04887259,5,7,7.68864274,90.53436737,2410.62556623,13
"86",1490.92035281425,318.594827628048,"2021-09-25T22:39:45.191Z",38.92480894,5,7,15.50851907,90.17436737,2179.6886642,13
"87",1494.20355672829,318.554573217237,"2021-09-25T22:39:46.196Z",51.31804779,5,7,7.81987633,90.67436737,2873.67799856,13
"88",1500.75804209069,318.49175864272,"2021-09-25T22:39:48.192Z",51.86546472,5,7,15.60694427,90.45436737,2904.33193131,13
"89",1504.01585556933,318.471742026756,"2021-09-25T22:39:49.195Z",49.76182961,5,7,7.75425954,90.43436737,2786.53380367,13
"90",1507.26594152626,318.43392057503,"2021-09-25T22:39:50.197Z",38.86809681,5,7,7.72145114,90.68436737,2176.51293134,13
"91",1510.52530050893,318.417885164056,"2021-09-25T22:39:51.200Z",46.4443743,5,7,7.75425954,90.49436737,2600.76488342,13
"92",1516.96663284953,318.379953122887,"2021-09-25T22:39:53.196Z",43.56936524,5,7,15.31166868,90.51436737,2439.77180915,13
"93",1523.4857923908,318.27058056214,"2021-09-25T22:39:55.195Z",30.9629162,5,7,15.50851907,90.80436737,1733.84325561,13
"94",1529.92646237297,318.284072425372,"2021-09-25T22:39:57.190Z",35.20567014,5,7,15.34447708,90.19436737,1971.42650708,13
"95",1533.0949677706,318.246029795547,"2021-09-25T22:39:58.193Z",29.72709805,5,7,7.55740914,90.75436737,1664.640634,13
"96",1536.28091528218,318.209977768609,"2021-09-25T22:39:59.196Z",32.53586994,5,7,7.59021754,90.66436737,1821.92459825,13
"97",1539.44776477121,318.199250631218,"2021-09-25T22:40:00.199Z",30.54045421,5,7,7.52460074,90.71436737,1710.18647623,13
"98",1545.91459793922,318.193389411996,"2021-09-25T22:40:02.191Z",46.51844104,5,7,15.41009387,90.14436737,2604.9124294,13
"99",1549.14856648963,318.132012494727,"2021-09-25T22:40:03.192Z",59.77770909,5,7,7.68864274,90.75436737,3347.39715932,13
"100",1552.37602184158,318.087887467582,"2021-09-25T22:40:04.196Z",44.61023066,5,7,7.68864274,90.99436737,2498.05758158,13
"101",1558.75840421687,318.071077933656,"2021-09-25T22:40:06.191Z",46.99625658,5,7,15.18043508,90.53436737,2631.66886414,13
"102",1561.93452673476,317.989573810982,"2021-09-25T22:40:07.195Z",64.44653317,5,7,7.55740914,91.43436737,3608.83923707,13
"103",1565.13581890086,318.039449468692,"2021-09-25T22:40:08.196Z",56.46774936,5,7,7.62302594,89.95436737,3162.04797223,13
"104",1571.59470375842,318.04696952326,"2021-09-25T22:40:10.192Z",53.75532795,5,7,15.37728547,89.99436737,3010.15938581,13
"105",1574.7904762637,318.024519948211,"2021-09-25T22:40:11.196Z",42.02549867,5,7,7.59021754,90.29436737,2353.31927274,13
"106",1577.98591758977,318.011249263078,"2021-09-25T22:40:12.197Z",28.92077328,5,7,7.59021754,90.23436737,1619.48853178,13
"107",1584.3203893214,318.011249263078,"2021-09-25T22:40:14.189Z",28.8820922,5,7,15.08200988,90.15436737,1617.32249121,13
"108",1587.47697224393,317.973870167549,"2021-09-25T22:40:15.191Z",36.69412782,5,7,7.52460074,90.44436737,2054.77628861,13.63
"109",1590.650445325,317.933062811883,"2021-09-25T22:40:16.194Z",25.18860979,5,7,7.55740914,90.84436737,1410.49702576,13.63
"110",1593.82369761889,317.938260496809,"2021-09-25T22:40:17.196Z",20.19627272,5,7,7.55740914,90.54436737,1130.93905669,13.63
"111",1597.09884282888,317.919460359995,"2021-09-25T22:40:18.196Z",22.24342013,5,7,7.78706793,90.60436737,1245.57401893,13.63
"112",1603.89166709258,317.850010442518,"2021-09-25T22:40:20.190Z",39.36051417,5,7,16.16468705,90.60436737,2204.08703083,13.63
"113",1607.29564115654,317.876772990098,"2021-09-25T22:40:21.191Z",37.19376713,5,7,8.11515192,90.18436737,2082.75479833,13.63
"114",1610.66583490496,317.836186812531,"2021-09-25T22:40:22.195Z",34.44157083,5,7,8.01672673,90.68436737,1928.63892133,13.63
"115",1614.01372922918,317.807323073407,"2021-09-25T22:40:23.195Z",34.58310194,5,7,7.98391833,90.42436737,1936.56429739,13.63
"116",1617.39010500784,317.821257292051,"2021-09-25T22:40:24.197Z",32.8098372,5,7,8.04953513,89.88436737,1837.2660565,13.63
"117",1624.10179027406,317.810087799248,"2021-09-25T22:40:26.190Z",59.8068408,5,7,16.00064505,90.43436737,3349.02846002,13.63
"118",1627.46856183365,317.744619087547,"2021-09-25T22:40:27.191Z",56.68954206,5,7,8.01672673,90.94436737,3174.46778977,13.63
"119",1630.83191119343,317.707792936871,"2021-09-25T22:40:28.195Z",38.29218124,5,7,8.01672673,90.98436737,2144.26314856,13.63
"120",1634.25189228288,317.685453950479,"2021-09-25T22:40:29.195Z",32.20302579,5,7,8.14796032,90.43436737,1803.28618623,13.63
"121",1641.16250608047,317.644425416715,"2021-09-25T22:40:31.190Z",32.09046616,5,7,16.45996264,90.37436737,1796.98313789,14.1
"122",1644.60390343753,317.661345540083,"2021-09-25T22:40:32.194Z",39.20140621,5,7,8.18076872,89.81436737,2195.17739651,14.57
"123",1651.43426138637,317.567234266571,"2021-09-25T22:40:34.187Z",47.45292732,5,7,16.26311225,90.96436737,2657.2412451,14.57
"124",1654.88636688273,317.537154047512,"2021-09-25T22:40:35.189Z",57.83644416,5,7,8.21357712,90.79436737,3238.69134243,14.57
"125",1658.36430438573,317.483076007499,"2021-09-25T22:40:36.190Z",47.02101036,5,7,8.27919392,90.94436737,2633.05501174,14.57
"126",1661.83285846784,317.493803144105,"2021-09-25T22:40:37.194Z",41.80099097,5,7,8.24638552,90.26436737,2340.74742175,14.57
"127",1665.28275610176,317.49900082903,"2021-09-25T22:40:38.195Z",40.92398215,5,7,8.21357712,90.00436737,2291.63719536,14.57
"128",1672.14413453571,317.385647062507,"2021-09-25T22:40:40.188Z",35.28913794,5,7,16.32872904,90.80436737,1976.10048807,14.57
"129",1675.54071225717,317.386642364344,"2021-09-25T22:40:41.192Z",33.31321146,5,7,8.08234352,90.53436737,1865.45371343,14.57
"130",1682.38398620933,317.352691528951,"2021-09-25T22:40:43.186Z",29.94806969,5,7,16.26311225,90.46436737,1677.01447469,14.57
"131",1685.8145650335,317.337098474174,"2021-09-25T22:40:44.187Z",33.33167694,5,7,8.18076872,90.25436737,1866.48773286,14.57
"132",1689.10924983885,317.289102830696,"2021-09-25T22:40:45.189Z",35.81622756,5,7,7.85268473,90.64436737,2005.61614386,14.57
"133",1691.93520515204,317.273288597821,"2021-09-25T22:40:46.193Z",42.51001315,5,7,6.73719917,90.34436737,2380.45083071,13.73
"134",1694.75078350513,317.261566160164,"2021-09-25T22:40:47.194Z",32.74196988,5,7,6.70439077,90.37436737,1833.46566219,13.73
"135",1700.47875505196,317.182163229033,"2021-09-25T22:40:49.188Z",28.23471802,5,7,13.60563193,91.01436737,1581.07121114,13.73
"136",1703.35825106322,317.183711475724,"2021-09-25T22:40:50.190Z",31.95997809,5,7,6.86843276,90.40436737,1789.67614355,13.73
"137",1706.23542881844,317.13449935231,"2021-09-25T22:40:51.191Z",27.09565918,5,7,6.83562436,90.69436737,1517.28686059,13.73
"138",1709.09450208873,317.125652229149,"2021-09-25T22:40:52.194Z",34.53711044,5,7,6.80281597,90.28436737,1933.98889219,13.73
"139",1712.0326168751,317.126094585347,"2021-09-25T22:40:53.195Z",27.93069009,5,7,6.99966636,90.22436737,1564.04643289,13.73
"140",1718.05677335418,317.111386242965,"2021-09-25T22:40:55.187Z",35.58845797,5,7,14.36022511,90.44436737,1992.86163599,13.73
"141",1721.12713919433,317.076661284619,"2021-09-25T22:40:56.190Z",35.49843945,5,7,7.29494195,90.77436737,1987.82083155,13.73
"142",1724.2011480105,317.101212051213,"2021-09-25T22:40:57.191Z",40.9563776,5,7,7.32775035,90.21436737,2293.45125676,13.73
"143",1727.28674811001,317.095903777631,"2021-09-25T22:40:58.194Z",40.9563776,5,7,7.32775035,90.20436737,2293.45125676,13.73
"144",1733.36610117537,317.048792846547,"2021-09-25T22:41:00.188Z",27.4555429,5,7,14.4914587,90.66436737,1537.43941889,13.73
"145",1736.41438837693,317.022030298967,"2021-09-25T22:41:01.193Z",15.58597081,5,7,7.26213355,90.96436737,872.77406958,13.48
"146",1739.47492922339,316.999248956377,"2021-09-25T22:41:02.195Z",15.5158742,5,7,7.29494195,90.82436737,868.84884028,13.48
"147",1745.72252151266,316.974587600342,"2021-09-25T22:41:04.188Z",7.83446915,5,7,14.88515949,90.32436737,438.71001719,13.48
"148",1748.86585725109,316.949041531912,"2021-09-25T22:41:05.190Z",0,5,7,7.49179234,90.53436737,0,13.48
"149",1752.03888875935,316.90480591611,"2021-09-25T22:41:06.190Z",0,5,7,7.55740914,90.93436737,0,13.48
"150",1755.16908770885,316.911441258284,"2021-09-25T22:41:07.194Z",0,5,7,7.45898394,90.57436737,0,13.48
"151",1761.33752808059,316.856589094533,"2021-09-25T22:41:09.186Z",0,5,7,14.6555007,90.79436737,0,13.48
"152",1764.43162845695,316.853160834396,"2021-09-25T22:41:10.187Z",0,5,7,7.36055875,90.32436737,0,13.48
"153",1767.53577461263,316.81810410851,"2021-09-25T22:41:11.192Z",0,5,7,7.39336715,90.82436737,0,13.48
"154",1770.67933113824,316.819431177102,"2021-09-25T22:41:12.193Z",0,5,7,7.49179234,90.34436737,0,13.48
"155",1777.07175929598,316.806381670067,"2021-09-25T22:41:14.188Z",0,5,7,15.21324348,90.23436737,0,13.48
"156",1780.2157573944,316.760044862721,"2021-09-25T22:41:15.193Z",0,5,7,7.49179234,90.30436737,0,13.48
"157",1786.52682576903,316.776854396647,"2021-09-25T22:41:17.188Z",17.47350212,5,7,15.01639309,89.74436737,978.47094249,13.48
"158",1789.67877218889,316.780835602423,"2021-09-25T22:41:18.190Z",35.02352499,5,7,7.49179234,89.78436737,1961.22684958,13.48
"159",1792.78567816399,316.733945849438,"2021-09-25T22:41:19.193Z",41.5055233,5,7,7.39336715,90.71436737,2351.03141373,15.97
"160",1795.92481896157,316.722444589094,"2021-09-25T22:41:20.194Z",41.14039857,5,7,7.45898394,90.50436737,2330.34935377,15.97
"161",1799.02730923218,316.711275095504,"2021-09-25T22:41:21.198Z",26.14160031,5,7,7.39336715,90.41436737,1480.76011693,15.97
"162",1804.32706556603,316.688825520456,"2021-09-25T22:41:23.192Z",35.95873461,5,7,12.58857156,90.64436737,2036.84011062,15.97
"163",1806.78132701487,316.654985274505,"2021-09-25T22:41:24.192Z",42.01262871,5,7,5.8513724,90.42436737,2379.75580119,15.97
"164",1809.16648231294,316.641051055075,"2021-09-25T22:41:25.193Z",31.00233984,5,7,5.6873304,90.31436737,1756.09097449,15.97
"165",1811.54843620937,316.625015644888,"2021-09-25T22:41:26.194Z",25.48546839,5,7,5.654522,90.43436737,1443.59429788,15.97
"166",1814.15537143099,316.627559192629,"2021-09-25T22:41:27.196Z",22.37862951,5,7,6.21226478,90.20436737,1267.61107402,15.97
"167",1819.89427189332,316.599358987015,"2021-09-25T22:41:29.189Z",34.59916444,5,7,13.67124873,90.39436737,1959.82886159,15.97
"168",1822.83216590349,316.535549110662,"2021-09-25T22:41:30.190Z",38.99582642,5,7,6.99966636,90.95436737,2208.87259382,15.97
"169",1825.76409868003,316.513099535613,"2021-09-25T22:41:31.192Z",40.63957029,5,7,6.96685796,90.82436737,2301.98052647,15.97
"170",1828.73897440894,316.486889933673,"2021-09-25T22:41:32.193Z",34.07441158,5,7,7.06528316,90.64436737,1930.1048545,15.97
"171",1834.73950673599,316.416444714359,"2021-09-25T22:41:34.187Z",33.84782809,5,7,14.26179991,90.83436737,1919.07810894,16.05
"172",1837.74076643793,316.379397386371,"2021-09-25T22:41:35.189Z",45.08697821,5,7,7.13089995,90.80436737,2558.77081192,16.13
"173",1840.78055336421,316.368117304125,"2021-09-25T22:41:36.190Z",42.60057896,5,7,7.22932515,90.43436737,2417.6629781,16.13
"174",1843.81835321208,316.383710358902,"2021-09-25T22:41:37.192Z",45.40940834,5,7,7.22932515,90.09436737,2577.06932831,16.13
"175",1846.89269320589,316.367122003074,"2021-09-25T22:41:38.196Z",41.33559924,5,7,7.32775035,90.24436737,2345.87299977,16.13
"176",1853.10694675244,316.311385126928,"2021-09-25T22:41:40.188Z",41.8842447,5,7,14.78673429,90.31436737,2377.00966139,16.13
"177",1856.22522323782,316.32277579783,"2021-09-25T22:41:41.192Z",51.4973759,5,7,7.42617555,89.96436737,2922.57293746,16.13
"178",1859.32539523826,316.325540523671,"2021-09-25T22:41:42.192Z",48.06388736,5,7,7.39336715,89.86436737,2727.71600488,16.13
"179",1862.44267818444,316.257749442327,"2021-09-25T22:41:43.193Z",42.83852509,5,7,7.42617555,90.62436737,2431.16686833,16.13
"180",1865.54351254644,316.231650428257,"2021-09-25T22:41:44.195Z",73.24020931,5,7,7.39336715,90.61436737,4156.51962648,16.13
"181",1871.76129867384,316.235078689179,"2021-09-25T22:41:46.187Z",88.11712682,5,7,14.78673429,90.05436737,5000.81267561,16.13
"182",1874.82029401471,316.216720908563,"2021-09-25T22:41:47.190Z",48.01648634,5,7,7.29494195,90.23436737,2725.02590815,16.13
"183",1877.86703571067,316.137870922286,"2021-09-25T22:41:48.191Z",48.23341213,5,7,7.26213355,91.11436737,2737.33685458,16.13
"184",1880.92536869311,316.087995265362,"2021-09-25T22:41:49.192Z",49.36869063,5,7,7.29494195,91.08436737,2764.51903725,14.19
"185",1883.94627838244,316.088879977757,"2021-09-25T22:41:50.195Z",50.04389549,5,7,7.19651675,90.69436737,2802.32876378,14.19
"186",1889.9512264485,316.122941401806,"2021-09-25T22:41:52.188Z",37.19149093,5,7,14.29460831,89.57436737,2082.62733704,14.19
"187",1892.98979903741,316.102371840989,"2021-09-25T22:41:53.191Z",31.78785289,5,7,7.22932515,90.24436737,1780.03757728,14.19
"188",1896.01435171374,316.058246813843,"2021-09-25T22:41:54.192Z",28.35820745,5,7,7.19651675,90.88436737,1587.98629948,14.19
"189",1902.04413823626,316.031373676821,"2021-09-25T22:41:56.187Z",46.93377176,5,7,14.36022511,90.78436737,2628.16987565,14.19
"190",1905.09319818983,315.985700402986,"2021-09-25T22:41:57.190Z",49.82787639,5,7,7.26213355,90.82436737,2790.23225274,14.19
"191",1908.13000450008,315.947989540701,"2021-09-25T22:41:58.191Z",43.17454646,5,7,7.22932515,90.85436737,2417.6629781,1
"192",1914.15405057615,315.99996638917,"2021-09-25T22:42:00.186Z",30.40324776,5,7,14.32741671,89.76436737,1702.50327013,1
"193",1917.16921982061,316.002731115796,"2021-09-25T22:42:01.188Z",15.08192606,5,7,7.16370835,89.68436737,844.54886628,1
"194",1920.17202502657,316.266375387389,"2021-09-25T22:42:02.191Z",0,5,7,7.22932515,85.72436737,0,0
"195",1923.10660723994,317.052331696125,"2021-09-25T22:42:03.193Z",0,5,7,7.45898394,76.35436737,0,0
"196",1925.75372558351,318.240057986883,"2021-09-25T22:42:04.194Z",0,5,7,7.42617555,66.18436737,0,0
"197",1613.76898753399,89.3722792705904,"2021-09-25T22:44:32.185Z",0,5,7,1.12696295,271.76903198,0,16.13
"198",1613.19251427627,89.3767028325635,"2021-09-25T22:44:33.190Z",0,5,7,1.38943014,271.87903198,0,16.13
"199",1612.90902456014,89.384554653887,"2021-09-25T22:44:34.191Z",0,5,7,0.66764536,271.84903198,0,16.13
"200",1609.95114938337,89.4200537359705,"2021-09-25T22:44:36.187Z",0,5,7,7.04395214,271.48903198,0,16.13
"201",1607.3736891444,89.503880228288,"2021-09-25T22:44:37.189Z",0,5,7,6.14664799,271.80903198,0,14.12
"202",1604.58405318997,89.5708971866793,"2021-09-25T22:44:38.192Z",0,5,7,6.63877397,271.76903198,0,14.12
"203",1601.62507408041,89.5601700500734,"2021-09-25T22:44:39.193Z",0,5,7,7.03247476,270.57903198,0,14.12
"204",1595.27845909904,89.5618288854204,"2021-09-25T22:44:41.184Z",0,5,7,15.08200988,269.93903198,0,14.12
"205",1592.11668769647,89.5432499267051,"2021-09-25T22:44:42.186Z",0,5,7,7.52460074,269.50903198,0,14.12
"206",1588.9753390333,89.5199156392616,"2021-09-25T22:44:43.188Z",0,5,7,7.49179234,269.37903198,0,14.12
"207",1585.80661286104,89.5164873791254,"2021-09-25T22:44:44.190Z",0,5,7,7.55740914,269.68903198,0,14.12
"208",1579.40700914643,89.5285415843233,"2021-09-25T22:44:46.183Z",8.99884452,5,7,15.24605188,270.26903198,503.91202745,14.12
"209",1576.2499846511,89.5534241184573,"2021-09-25T22:44:47.184Z",22.33555606,5,7,7.52460074,270.56903198,1250.73339306,14.12
"210",1573.07960256867,89.5628241872572,"2021-09-25T22:44:48.186Z",20.87704596,5,7,7.55740914,270.58903198,1169.06059792,14.12
"211",1569.88968091284,89.5769795839994,"2021-09-25T22:44:49.189Z",26.66133787,5,7,7.59021754,270.37903198,1492.96599024,14.12
"212",1563.5099479728,89.6545025016839,"2021-09-25T22:44:51.183Z",30.27643453,5,7,15.18043508,270.74903198,1695.40205671,14.12
"213",1560.33846197013,89.6421165289451,"2021-09-25T22:44:52.186Z",26.32323186,5,7,7.55740914,270.12903198,1474.03292782,14.12
"214",1557.15063777373,89.6612484325142,"2021-09-25T22:44:53.187Z",25.98350724,5,7,7.59021754,270.40903198,1455.00922777,14.24
"215",1550.75257955374,89.7737174866427,"2021-09-25T22:44:55.180Z",21.41834646,5,7,15.21324348,270.80903198,1199.37202688,14.24
"216",1547.52777363861,89.7604468015093,"2021-09-25T22:44:56.182Z",27.88139416,5,7,7.68864274,270.05903198,1561.28598849,14.24
"217",1544.31411743558,89.7457384591276,"2021-09-25T22:44:57.184Z",26.88084231,5,7,7.65583434,269.87903198,1505.25767146,14.24
"218",1541.10675365637,89.79970591127,"2021-09-25T22:44:58.187Z",24.2968802,5,7,7.62302594,270.69903198,1360.56247411,14.24
"219",1537.91031878012,89.8063412534438,"2021-09-25T22:44:59.188Z",24.07190909,5,7,7.62302594,270.48903198,1347.96467342,14.24
"220",1531.56955463722,89.8525674721334,"2021-09-25T22:45:01.182Z",29.56434634,5,7,15.08200988,271.12903198,1655.52695951,14.24
"221",1528.38338634002,89.9034384308946,"2021-09-25T22:45:02.183Z",26.66133787,5,7,7.59021754,271.20903198,1492.96599024,14.24
"222",1525.22713459671,89.9295374441783,"2021-09-25T22:45:03.184Z",30.08462653,5,7,7.52460074,270.90903198,1684.66130494,14.24
"223",1522.02396574736,89.9540882107715,"2021-09-25T22:45:04.187Z",33.07075361,5,7,7.62302594,270.59903198,1851.87670087,14.24
"224",1518.77895787845,89.9887025804604,"2021-09-25T22:45:05.190Z",34.20392519,5,7,7.72145114,270.55903198,1915.33137958,14.24
"225",1512.28982528465,90.0165710185334,"2021-09-25T22:45:07.185Z",29.53975357,5,7,15.44290227,270.46903198,1654.14982782,13.66
"226",1509.03642753404,90.0328276076057,"2021-09-25T22:45:08.186Z",24.32800559,5,7,7.75425954,270.50903198,1362.30541513,13.08
"227",1502.45136325777,90.0535077578653,"2021-09-25T22:45:10.180Z",28.45034465,5,7,15.67256106,270.50903198,1593.14574451,13.08
"228",1499.12168381051,90.0752937994039,"2021-09-25T22:45:11.181Z",22.09135174,5,7,7.91830153,270.51903198,1237.05858217,13.08
"229",1495.77401027347,90.0903339085408,"2021-09-25T22:45:12.183Z",21.90979129,5,7,7.98391833,270.22903198,1226.89166667,13.08
"230",1492.41375191233,90.0974116069119,"2021-09-25T22:45:13.187Z",30.07226256,5,7,7.98391833,270.12903198,1683.96895425,13.08
"231",1485.66221470337,90.0898915523434,"2021-09-25T22:45:15.181Z",30.42174863,5,7,16.06626185,270.19903198,1703.53927086,13.08
"232",1482.3179633536,90.168409771079,"2021-09-25T22:45:16.184Z",26.09827283,5,7,7.95110993,270.94903198,1461.43580387,13.08
"233",1478.95030864997,90.1805745657191,"2021-09-25T22:45:17.185Z",22.88973962,5,7,8.01672673,270.20903198,1281.76623964,13.08
"234",1475.54335396842,90.185882839301,"2021-09-25T22:45:18.187Z",25.99337135,5,7,8.11515192,270.38903198,1455.56159201,13.08
"235",1472.1529582662,90.2563280578286,"2021-09-25T22:45:19.189Z",27.58418783,5,7,8.08234352,271.07903198,1544.6432022,13.08
"236",1465.40583678371,90.3551946600687,"2021-09-25T22:45:21.182Z",33.62403796,5,7,16.06626185,271.12903198,1882.85919411,13.08
"237",1462.12351600429,90.3457945912688,"2021-09-25T22:45:22.184Z",29.38725814,5,7,7.81987633,270.58903198,1645.61047781,13.08
"238",1455.55026380011,90.3931267004517,"2021-09-25T22:45:24.178Z",33.55410817,5,7,15.63975267,270.42903198,1878.94330675,13.36
"239",1452.23206525671,90.4141386182521,"2021-09-25T22:45:25.181Z",36.75462544,5,7,7.88549313,270.41903198,2058.16399921,13.36
"240",1448.93263353314,90.4049597275509,"2021-09-25T22:45:26.182Z",35.16105266,5,7,7.85268473,270.23903198,1968.92804367,13.36
"241",1445.66576781125,90.4337128780185,"2021-09-25T22:45:27.185Z",38.32034755,5,7,7.78706793,270.79903198,2145.84038904,13.36
"242",1442.3514330185,90.4589271796933,"2021-09-25T22:45:28.188Z",32.62244862,5,7,7.88549313,270.63903198,1826.77278037,13.36
"243",1435.67871654785,90.4914403570522,"2021-09-25T22:45:30.181Z",29.0100636,5,7,15.90221986,270.46903198,1624.48855885,13.36
"244",1432.36548568633,90.5444125073578,"2021-09-25T22:45:31.184Z",24.35809497,5,7,7.88549313,270.80903198,1363.99034267,13.36
"245",1425.70226303017,90.6087753293511,"2021-09-25T22:45:33.177Z",26.5844966,5,7,15.86941146,270.75903198,1488.6630779,13.36
"246",1422.36982375406,90.5991540824526,"2021-09-25T22:45:34.180Z",42.45004844,5,7,7.91830153,270.12903198,2377.09296181,13.36
"247",1419.10417235699,90.6097706304022,"2021-09-25T22:45:35.181Z",42.7249852,5,7,7.78706793,270.42903198,2392.48870962,13.36
"248",1415.84834595518,90.5905281373909,"2021-09-25T22:45:36.185Z",33.17455307,5,7,7.75425954,269.86903198,1857.68920244,13.36
"249",1409.28712660871,90.5558031790455,"2021-09-25T22:45:38.178Z",32.41591545,5,7,15.60694427,269.47903198,1815.20745707,13.36
"250",1405.97720754243,90.5905281373909,"2021-09-25T22:45:39.182Z",29.36020376,5,7,7.88549313,270.48903198,1644.09550233,13.37
"251",1399.47339265567,90.7058725060162,"2021-09-25T22:45:41.176Z",31.40524358,5,7,15.50851907,270.69903198,1758.61244498,13.37
"252",1396.26978223353,90.7093007661524,"2021-09-25T22:45:42.179Z",35.77040697,5,7,7.62302594,270.55903198,2003.0503091,13.37
"253",1393.00909853088,90.7403762870487,"2021-09-25T22:45:43.182Z",37.15549944,5,7,7.75425954,270.50903198,2080.61190674,13.37
"254",1389.73119349205,90.7556375742842,"2021-09-25T22:45:44.183Z",34.79663743,5,7,7.78706793,270.31903198,1948.52173258,13.37
"255",1386.45626906767,90.7790824511698,"2021-09-25T22:45:45.186Z",33.69547802,5,7,7.78706793,270.30903198,1886.85965244,13.37
"256",1379.92088172784,90.8229862994307,"2021-09-25T22:45:47.178Z",30.06165196,5,7,15.57413587,270.66903198,1683.37478796,13.37
"257",1376.67730896936,90.8400170122411,"2021-09-25T22:45:48.181Z",34.20392519,5,7,7.72145114,270.55903198,1915.33137958,13.37
"258",1373.46254882413,90.8597018614497,"2021-09-25T22:45:49.183Z",32.25701077,5,7,7.65583434,270.15903198,1806.30920575,13.37
"259",1370.27571816694,90.8891185462132,"2021-09-25T22:45:50.186Z",32.08398286,5,7,7.59021754,270.23903198,1796.62008994,13.37
"260",1367.04958754438,90.9193093539291,"2021-09-25T22:45:51.189Z",33.01157069,5,7,7.68864274,270.23903198,1848.56261037,13.37
"261",1360.48196538207,90.9627708467784,"2021-09-25T22:45:53.182Z",36.5915249,5,7,15.60694427,270.34903198,2049.03079052,13.37
"262",1357.16056542447,90.9762627092247,"2021-09-25T22:45:54.186Z",31.62095445,5,7,7.91830153,270.26903198,1770.69169604,13.48
"263",1353.83993821889,90.9845568875313,"2021-09-25T22:45:55.186Z",32.48728197,5,7,7.91830153,270.24903198,1819.2037973,13.48
"264",1350.61171011493,91.0064535177263,"2021-09-25T22:45:56.189Z",31.22716146,5,7,7.68864274,270.33903198,1748.64030711,13.48
"265",1344.16231907185,90.9934040106916,"2021-09-25T22:45:58.185Z",30.95863692,5,7,15.34447708,269.35903198,1733.60362686,13.48
"266",1340.86354971767,90.9678579422616,"2021-09-25T22:45:59.187Z",25.77021251,5,7,7.85268473,269.44903198,1443.06527424,13.48
"267",1334.280030947,91.0689363254882,"2021-09-25T22:46:01.183Z",27.90322263,5,7,15.67256106,270.76903198,1562.50832635,13.48
"268",1330.97309249675,91.1465698310434,"2021-09-25T22:46:02.184Z",26.09795889,5,7,7.88549313,271.15903198,1461.41822429,13.48
"269",1327.64915349592,91.1292073522636,"2021-09-25T22:46:03.187Z",30.53804505,5,7,7.91830153,270.12903198,1710.05156947,13.48
"270",1324.22685416142,91.1410403793628,"2021-09-25T22:46:04.188Z",29.67729827,5,7,8.14796032,270.35903198,1661.85197555,13.48
"271",1320.76713153381,91.1429203928085,"2021-09-25T22:46:05.190Z",31.40273451,5,7,8.24638552,270.01903198,1758.4719437,13.48
"272",1313.82836747198,91.1765394614464,"2021-09-25T22:46:07.184Z",31.96304711,5,7,16.52557944,270.32903198,1789.84800052,13.48
"273",1310.3866389357,91.2006478718422,"2021-09-25T22:46:08.185Z",29.55827955,5,7,8.18076872,270.40903198,1655.1872348,13.48
"274",1303.56577480135,91.2139185569756,"2021-09-25T22:46:10.180Z",30.11427168,5,7,16.23030385,270.16903198,1686.3213566,13.44
"275",1300.14866394689,91.2072832148018,"2021-09-25T22:46:11.181Z",38.09638998,5,7,8.14796032,270.05903198,2133.2993445,13.4
"276",1293.18318473125,91.2717566246658,"2021-09-25T22:46:13.184Z",32.14673302,5,7,16.59119624,270.89903198,1800.13393694,13.4
"277",1289.72699467665,91.2739684056523,"2021-09-25T22:46:14.185Z",32.57214906,5,7,8.21357712,270.16903198,1823.95613508,13.4
"278",1282.78690590582,91.3234017063795,"2021-09-25T22:46:16.181Z",35.14610683,5,7,16.49277104,270.61903198,1968.0911158,13.4
"279",1279.37222370257,91.3388841724994,"2021-09-25T22:46:17.183Z",43.32228558,5,7,8.11515192,270.42903198,2425.93598669,13.4
"280",1275.95422970094,91.3723926516951,"2021-09-25T22:46:18.186Z",42.72689042,5,7,8.14796032,270.52903198,2392.59539742,13.4
"281",1272.50245538378,91.3993763773734,"2021-09-25T22:46:19.188Z",46.14387783,5,7,8.21357712,270.69903198,2583.93785804,13.4
"282",1265.59736123447,91.4501367466925,"2021-09-25T22:46:21.182Z",46.45707157,5,7,16.42715424,270.48903198,2601.4758978,13.4
"283",1262.06003219336,91.4733604446937,"2021-09-25T22:46:22.183Z",45.26776543,5,7,8.41042751,270.64903198,2534.87782838,13.4
"284",1254.99840050962,91.4837558145446,"2021-09-25T22:46:24.178Z",52.30262086,5,7,16.82085503,269.94903198,2928.81154496,13.4
"285",1251.49970908644,91.5324149923193,"2021-09-25T22:46:25.181Z",54.05673241,5,7,8.31200232,270.55903198,3027.03725633,13.4
"286",1248.03060303794,91.5557492797628,"2021-09-25T22:46:26.183Z",41.17709558,5,7,8.24638552,270.35903198,2305.81089306,14.28
"287",1241.05827944463,91.5845024302303,"2021-09-25T22:46:28.179Z",40.0025263,5,7,16.59119624,270.62903198,2240.03805015,14.28
"288",1237.55704897822,91.6153567730279,"2021-09-25T22:46:29.181Z",32.47093179,5,7,8.34481072,270.51903198,1818.28822949,14.28
"289",1234.07050080635,91.6248674304842,"2021-09-25T22:46:30.184Z",26.8220428,5,7,8.31200232,270.28903198,1501.96505085,14.28
"290",1230.5512762486,91.6323874850527,"2021-09-25T22:46:31.186Z",24.15547324,5,7,8.37761912,270.01903198,1352.64404963,14.28
"291",1223.63039588295,91.6817101971234,"2021-09-25T22:46:33.181Z",24.53988525,5,7,16.49277104,270.26903198,1374.17012819,14.2
"292",1220.19694683634,91.6879031830999,"2021-09-25T22:46:34.183Z",25.1559826,5,7,8.18076872,270.16903198,1408.66998707,14.12
"293",1213.27893669312,91.7318070321465,"2021-09-25T22:46:36.178Z",27.81868332,5,7,16.45996264,270.57903198,1557.77434356,14.12
"294",1209.85122809296,91.7788073737884,"2021-09-25T22:46:37.180Z",29.46682098,5,7,8.14796032,270.76903198,1650.06579132,14.12
"295",1206.45189054109,91.8253653600188,"2021-09-25T22:46:38.181Z",29.70604843,5,7,8.08234352,270.73903198,1663.46191006,14.12
"296",1203.05067630598,91.8320007021927,"2021-09-25T22:46:39.184Z",21.00641996,5,7,8.08234352,270.40903198,1176.30520783,14.12
"297",1199.6523322933,91.8489208255609,"2021-09-25T22:46:40.185Z",22.06735026,5,7,8.08234352,270.23903198,1235.71456176,14.12
"298",1192.74359516797,91.841511359649,"2021-09-25T22:46:42.179Z",23.23433102,5,7,16.45996264,269.91903198,1301.06246672,14.12
"299",1189.31489302861,91.8276877296618,"2021-09-25T22:46:43.181Z",23.99441137,5,7,8.14796032,269.84903198,1343.62500151,1
"300",1185.92184788957,91.8314477573389,"2021-09-25T22:46:44.182Z",43.07377023,5,7,8.08234352,269.82903198,2412.01976959,1
"301",1182.84872222058,91.8563302914729,"2021-09-25T22:46:45.185Z",51.25398111,5,7,7.32775035,270.00903198,2870.09042988,1
"302",1176.9676353266,91.8272453734645,"2021-09-25T22:46:47.178Z",25.97064166,5,7,13.99933272,269.23903198,1454.28878848,1
"303",1174.33564085193,91.7927415932178,"2021-09-25T22:46:48.182Z",0,5,7,6.27788158,269.34903198,0,0
"304",1171.83368955603,91.9373920579501,"2021-09-25T22:46:49.183Z",0,5,7,5.98260599,272.08903198,0,0
